{
    "Enemy": {
        "Head Translation": [
            0.0,
            2.200000047683716,
            0.0
        ],
        "L_Arm Translation": [
            0.4000000059604645,
            2.0,
            0.0
        ],
        "R_Arm Translation": [
            -0.4000000059604645,
            2.0,
            0.0
        ],
        "Test": 90
    }
}
