{
    "Player": {
        "Head Translation": [
            0.0,
            2.200000047683716,
            0.0
        ],
        "L_Arm Translation": [
            0.30000001192092896,
            2.200000047683716,
            0.0
        ],
        "R_Arm Translation": [
            -0.30000001192092896,
            2.200000047683716,
            0.0
        ],
        "Test": 90,
        "floatingAmplitude": 0.30000001192092896,
        "floatingCycle": 120
    }
}
